{
 "version": "auto-py-to-exe-configuration_v1",
 "pyinstallerOptions": [
  {
   "optionDest": "noconfirm",
   "value": true
  },
  {
   "optionDest": "filenames",
   "value": "M:/python/python/pythonGame-autoUpdate-copy/webDownloader-beta2.py"
  },
  {
   "optionDest": "onefile",
   "value": false
  },
  {
   "optionDest": "console",
   "value": true
  },
  {
   "optionDest": "icon_file",
   "value": "M:/python/python/pythonGame-autoUpdate-copy/python GUI game.ico"
  },
  {
   "optionDest": "ascii",
   "value": false
  },
  {
   "optionDest": "clean_build",
   "value": false
  },
  {
   "optionDest": "debug",
   "value": "all"
  },
  {
   "optionDest": "strip",
   "value": false
  },
  {
   "optionDest": "noupx",
   "value": false
  },
  {
   "optionDest": "disable_windowed_traceback",
   "value": true
  },
  {
   "optionDest": "version_file",
   "value": "M:/python/python/pythonGame-autoUpdate-copy/version.txt"
  },
  {
   "optionDest": "embed_manifest",
   "value": true
  },
  {
   "optionDest": "uac_admin",
   "value": false
  },
  {
   "optionDest": "uac_uiaccess",
   "value": false
  },
  {
   "optionDest": "win_private_assemblies",
   "value": false
  },
  {
   "optionDest": "win_no_prefer_redirects",
   "value": false
  },
  {
   "optionDest": "bundle_identifier",
   "value": "0.0.1"
  },
  {
   "optionDest": "target_arch",
   "value": "x86_64,arm64,universal2"
  },
  {
   "optionDest": "bootloader_ignore_signals",
   "value": false
  },
  {
   "optionDest": "datas",
   "value": "M:/python/python/pythonGame-autoUpdate-copy/bin.py;."
  },
  {
   "optionDest": "datas",
   "value": "M:/python/python/pythonGame-autoUpdate-copy/cheakfile.py;."
  },
  {
   "optionDest": "datas",
   "value": "M:/python/python/pythonGame-autoUpdate-copy/cheakfile-0.py;."
  },
  {
   "optionDest": "datas",
   "value": "M:/python/python/pythonGame-autoUpdate-copy/checkFiles.py;."
  },
  {
   "optionDest": "datas",
   "value": "M:/python/python/pythonGame-autoUpdate-copy/game_socket-client_2P-GUIv2.py;."
  },
  {
   "optionDest": "datas",
   "value": "M:/python/python/pythonGame-autoUpdate-copy/game_socket-server_2P-GUIv2.py;."
  },
  {
   "optionDest": "datas",
   "value": "M:/python/python/pythonGame-autoUpdate-copy/python read.py;."
  },
  {
   "optionDest": "datas",
   "value": "M:/python/python/pythonGame-autoUpdate-copy/updatefile.py;."
  },
  {
   "optionDest": "datas",
   "value": "M:/python/python/pythonGame-autoUpdate-copy/viewV0.py;."
  },
  {
   "optionDest": "datas",
   "value": "M:/python/python/pythonGame-autoUpdate-copy/webDownloader (2).py;."
  },
  {
   "optionDest": "datas",
   "value": "M:/python/python/pythonGame-autoUpdate-copy/webDownloader-beta.py;."
  },
  {
   "optionDest": "datas",
   "value": "M:/python/python/pythonGame-autoUpdate-copy/webDownloader-beta1.py;."
  },
  {
   "optionDest": "datas",
   "value": "M:/python/python/pythonGame-autoUpdate-copy/webDownloader-beta2.py;."
  },
  {
   "optionDest": "pathex",
   "value": "M:/python/python/pythonGame"
  }
 ],
 "nonPyinstallerOptions": {
  "increaseRecursionLimit": true,
  "manualArguments": ""
 }
}